repo,number,title,author,merged_by,merged_at,merge_sha,base,approvers,flags
GoogleCloudPlatform/microservices-demo,3327,,p-b03f2a6406,p-b73a29876a,2026-07-09T01:26:36Z,ec527589ab42de1507d692d70260fb81990725a3,main,p-b73a29876a,rule_not_evidenced
GoogleCloudPlatform/microservices-demo,3334,,p-b03f2a6406,p-b73a29876a,2026-07-09T01:26:46Z,1ce1d019dae6a20ef8cb60a60ea138f15a2d9c56,main,p-b73a29876a,rule_not_evidenced
GoogleCloudPlatform/microservices-demo,3335,,p-b03f2a6406,p-b73a29876a,2026-07-09T01:26:54Z,e4d47fbe087b6d548092b6be8efb1c1a551e8f89,main,p-b73a29876a,rule_not_evidenced
GoogleCloudPlatform/microservices-demo,3341,,p-bbb1da04b1,p-b73a29876a,2026-07-09T14:22:46Z,0a09588e7f0a763fa05c78706a509ddab4906a42,main,p-b73a29876a,rule_not_evidenced
GoogleCloudPlatform/microservices-demo,3343,,p-b03f2a6406,p-b73a29876a,2026-07-09T01:27:03Z,621462daf4b475e4362181dfa3afcbb55a6cf789,main,p-b73a29876a,rule_not_evidenced;approval_not_on_final_commit
GoogleCloudPlatform/microservices-demo,3344,,p-b03f2a6406,p-b73a29876a,2026-07-09T01:27:12Z,293bf8e905e4e88267d31cf1e6cb69d31ed711eb,main,p-b73a29876a,rule_not_evidenced
GoogleCloudPlatform/microservices-demo,3349,,p-b03f2a6406,p-b73a29876a,2026-07-09T01:27:22Z,265ddfefa2254fa95187399b740545809c1cbe73,main,p-b73a29876a,rule_not_evidenced
GoogleCloudPlatform/microservices-demo,3350,,p-b03f2a6406,p-b73a29876a,2026-07-09T01:27:31Z,58d813dc03af63c3d9c82524860ede52d9679ba8,main,p-b73a29876a,rule_not_evidenced
GoogleCloudPlatform/microservices-demo,3357,,p-b03f2a6406,p-b73a29876a,2026-07-09T14:17:27Z,1ea148029e1ee048230703eb86d336c34b6038b4,main,,no_approval;rule_not_evidenced;approval_not_on_final_commit
GoogleCloudPlatform/microservices-demo,3367,,p-b03f2a6406,p-b73a29876a,2026-07-09T01:27:48Z,c7aed168d96abcff62c51a584ad1d312c876905f,main,p-b73a29876a,rule_not_evidenced
GoogleCloudPlatform/microservices-demo,3375,,p-b03f2a6406,p-b73a29876a,2026-07-09T01:27:58Z,f004b0e06263235ceb706f3412bd7a2e517003b9,main,p-b73a29876a,rule_not_evidenced
GoogleCloudPlatform/microservices-demo,3388,,p-b03f2a6406,p-b73a29876a,2026-07-09T14:17:38Z,01b3dbc047a46bc04e7293d6b716a48df6d56090,main,,no_approval;rule_not_evidenced;approval_not_on_final_commit
GoogleCloudPlatform/microservices-demo,3408,,p-b03f2a6406,p-b73a29876a,2026-07-09T01:28:16Z,64ce32e1c9e7aea9f75c620fcbe0628f4f66d6b5,main,p-b73a29876a,rule_not_evidenced
GoogleCloudPlatform/microservices-demo,3421,,p-b73a29876a,p-b73a29876a,2026-07-08T15:21:34Z,8d0c276ae9d346425606068a38479b7c637acaca,main,p-65c91dece0,rule_not_evidenced
GoogleCloudPlatform/microservices-demo,3423,,p-b73a29876a,p-b73a29876a,2026-07-08T16:33:42Z,7f0b249c51489fd49a3661cc4c8d82b46108b908,main,,no_approval;self_merge_without_review;rule_not_evidenced
GoogleCloudPlatform/microservices-demo,3424,,p-b73a29876a,p-b73a29876a,2026-07-08T16:52:54Z,b5a6d5efb9b73c67a17acd7c5047e661b641fe24,main,,no_approval;self_merge_without_review;rule_not_evidenced
GoogleCloudPlatform/microservices-demo,3425,,p-b73a29876a,p-b73a29876a,2026-07-08T17:21:36Z,abc2b9bdef000ae1d67c9026987412ec4f06783a,main,,no_approval;self_merge_without_review;rule_not_evidenced
GoogleCloudPlatform/microservices-demo,3426,,p-b73a29876a,p-b73a29876a,2026-07-08T18:08:24Z,b1716297d5bcab78a0f238ef520b4522bc5becbc,main,,no_approval;self_merge_without_review;rule_not_evidenced
GoogleCloudPlatform/microservices-demo,3427,,p-6c884b0758,p-b73a29876a,2026-07-09T14:17:49Z,96efd822ed138cbc1f3527c5774677312b5ff42e,main,p-b73a29876a,rule_not_evidenced
GoogleCloudPlatform/microservices-demo,3428,,p-b73a29876a,p-b73a29876a,2026-07-09T14:54:19Z,b08eccf576f49f91c214d61fb03598c40422a264,main,,no_approval;self_merge_without_review;rule_not_evidenced
GoogleCloudPlatform/microservices-demo,3431,,p-b73a29876a,p-b73a29876a,2026-07-11T00:26:33Z,ded9d0061d30442c861ca16f069a790f50e38932,main,,no_approval;self_merge_without_review;rule_not_evidenced
GoogleCloudPlatform/microservices-demo,3432,,p-aff1bdfd8e,p-b73a29876a,2026-07-13T14:40:03Z,9a4616e77f0f9cbcbecaf27d711c38890dda1404,main,p-b73a29876a,rule_not_evidenced
GoogleCloudPlatform/microservices-demo,3444,,p-b03f2a6406,p-b73a29876a,2026-08-11T19:38:05Z,829ba2497d8807a5f8ad83adb28a9d71d134a093,main,p-b73a29876a,rule_not_evidenced
GoogleCloudPlatform/microservices-demo,3445,,p-b03f2a6406,p-b73a29876a,2026-08-11T19:38:25Z,16babe62c984ba8c2546f3e966e4caa3b4c3eb4c,main,p-b73a29876a,rule_not_evidenced
GoogleCloudPlatform/microservices-demo,3446,,p-b03f2a6406,p-b73a29876a,2026-08-11T16:20:12Z,2b34fb8e07068779603b0a42686dfd41cc15241f,main,p-b73a29876a,rule_not_evidenced
GoogleCloudPlatform/microservices-demo,3447,,p-b03f2a6406,p-b73a29876a,2026-08-11T19:38:37Z,89054f6e61c5c144bf5ecfbad619568202f7178f,main,p-b73a29876a,rule_not_evidenced
GoogleCloudPlatform/microservices-demo,3448,,p-b03f2a6406,p-b73a29876a,2026-08-11T19:38:49Z,e9b39a78b340b2e5c4f1c8f72853663a904152e0,main,p-b73a29876a,rule_not_evidenced
GoogleCloudPlatform/microservices-demo,3449,,p-b03f2a6406,p-b73a29876a,2026-08-11T16:20:23Z,7ecd7c680ca8fab83f03dc6e6340078e70439c0b,main,p-b73a29876a,rule_not_evidenced
GoogleCloudPlatform/microservices-demo,3450,,p-b03f2a6406,p-b73a29876a,2026-08-11T20:46:25Z,3bcb466b973a58b03cdfdcbc6007c2c70be0ca61,main,p-b73a29876a,rule_not_evidenced
GoogleCloudPlatform/microservices-demo,3451,,p-b03f2a6406,p-b73a29876a,2026-08-11T20:46:36Z,79b6598b9206e147ecb7ec36d4226a74dd28b083,main,p-b73a29876a,rule_not_evidenced
GoogleCloudPlatform/microservices-demo,3452,,p-b03f2a6406,p-b73a29876a,2026-08-11T20:46:46Z,913104e29213cb1802b052ed9c3211e0e2dcf7f7,main,p-b73a29876a,rule_not_evidenced
GoogleCloudPlatform/microservices-demo,3453,,p-b03f2a6406,p-b73a29876a,2026-08-11T20:46:56Z,207b994fb20cc5abb2694ea872dd5c880fce530d,main,p-b73a29876a,rule_not_evidenced
GoogleCloudPlatform/microservices-demo,3455,,p-6c884b0758,p-b73a29876a,2026-08-11T19:39:02Z,3150214bc4742744ffda7298876b5ed9ddf8a3ae,main,p-b73a29876a,rule_not_evidenced
GoogleCloudPlatform/microservices-demo,3461,,p-6c884b0758,p-b73a29876a,2026-08-11T19:39:22Z,0359b9091be9f1552ecf681761602c66f2a76ad9,main,p-b73a29876a,rule_not_evidenced
GoogleCloudPlatform/microservices-demo,3463,,p-6c884b0758,p-b73a29876a,2026-08-11T19:39:38Z,836de67a0ba6af11e3195542c53487af44fd1161,main,p-b73a29876a,rule_not_evidenced
GoogleCloudPlatform/microservices-demo,3465,,p-b03f2a6406,p-b73a29876a,2026-08-11T19:39:53Z,3b8d85a2abfc701302b0313eb5b06c987140f7f1,main,p-b73a29876a,rule_not_evidenced
GoogleCloudPlatform/microservices-demo,3466,,p-b03f2a6406,p-b73a29876a,2026-08-11T19:40:07Z,693b81445f82f1dcd78bf460711e95d67832eaf5,main,p-b73a29876a,rule_not_evidenced
GoogleCloudPlatform/microservices-demo,3467,,p-b03f2a6406,p-b73a29876a,2026-08-11T19:40:18Z,a26cbf36379090059a23fdf22f5c7f6add513222,main,,no_approval;rule_not_evidenced;approval_not_on_final_commit
GoogleCloudPlatform/microservices-demo,3468,,p-b03f2a6406,p-b73a29876a,2026-08-11T21:03:17Z,34ffea9175946982c3088ed84994fe6019ad6e92,main,,no_approval;rule_not_evidenced;approval_not_on_final_commit
GoogleCloudPlatform/microservices-demo,3471,,p-6c884b0758,p-b73a29876a,2026-08-11T19:40:33Z,e3da442975a8323e198d225d289036d92977bfa9,main,p-b73a29876a,rule_not_evidenced
GoogleCloudPlatform/microservices-demo,3476,,p-6c884b0758,p-b73a29876a,2026-08-11T19:40:42Z,1c88826dbeaf58faacd8a7f6629817d28bb3f4f5,main,p-b73a29876a,rule_not_evidenced
GoogleCloudPlatform/microservices-demo,3482,,p-b03f2a6406,p-b73a29876a,2026-08-24T20:44:55Z,a69d5cd71d7f6dd1e8d68520f870ee85e3ebf886,main,p-b73a29876a,rule_not_evidenced
GoogleCloudPlatform/microservices-demo,3483,,p-b03f2a6406,p-b73a29876a,2026-08-24T20:45:05Z,c9df1ae138ec16fb8f0c827da61716bedd5fe98d,main,p-b73a29876a,rule_not_evidenced
GoogleCloudPlatform/microservices-demo,3484,,p-b03f2a6406,p-b73a29876a,2026-08-24T20:45:16Z,6a8dd7b17da9300d23d276c08701b00092f3e375,main,p-b73a29876a,rule_not_evidenced
GoogleCloudPlatform/microservices-demo,3486,,p-b03f2a6406,p-b73a29876a,2026-08-24T20:45:26Z,def9f830a34932208a2eff61fd0fefafa46d2ac5,main,p-b73a29876a,rule_not_evidenced
GoogleCloudPlatform/microservices-demo,3487,,p-b03f2a6406,p-b73a29876a,2026-08-24T20:45:36Z,fc0672007fb31bb197d5a5b975e9578690b29e80,main,p-b73a29876a,rule_not_evidenced
GoogleCloudPlatform/microservices-demo,3488,,p-b03f2a6406,p-b73a29876a,2026-08-24T20:45:45Z,975c52dd1dd12da49db10b4972e0aab019a9549b,main,p-b73a29876a,rule_not_evidenced
GoogleCloudPlatform/microservices-demo,3489,,p-b03f2a6406,p-b73a29876a,2026-08-24T20:45:55Z,08138e273f4a5b7ac83d4aa5b785d1859b896d01,main,p-b73a29876a,rule_not_evidenced
GoogleCloudPlatform/microservices-demo,3490,,p-b03f2a6406,p-b73a29876a,2026-08-24T20:46:05Z,72ba613a05f7fcee51cf1d0badff401b6ae7074d,main,p-b73a29876a,rule_not_evidenced
